season,lg,team,abbreviation,playoffs
2026,NBA,Atlanta Hawks,ATL,False
2026,NBA,Boston Celtics,BOS,False
2026,NBA,Brooklyn Nets,BRK,False
2026,NBA,Chicago Bulls,CHI,False
2026,NBA,Charlotte Hornets,CHO,False
2026,NBA,Cleveland Cavaliers,CLE,False
2026,NBA,Dallas Mavericks,DAL,False
2026,NBA,Denver Nuggets,DEN,False
2026,NBA,Detroit Pistons,DET,True
2026,NBA,Golden State Warriors,GSW,False
2026,NBA,Houston Rockets,HOU,False
2026,NBA,Indiana Pacers,IND,False
2026,NBA,Los Angeles Clippers,LAC,False
2026,NBA,Los Angeles Lakers,LAL,False
2026,NBA,Memphis Grizzlies,MEM,False
2026,NBA,Miami Heat,MIA,False
2026,NBA,Milwaukee Bucks,MIL,False
2026,NBA,Minnesota Timberwolves,MIN,False
2026,NBA,New Orleans Pelicans,NOP,False
2026,NBA,New York Knicks,NYK,False
2026,NBA,Oklahoma City Thunder,OKC,True
2026,NBA,Orlando Magic,ORL,False
2026,NBA,Philadelphia 76ers,PHI,False
2026,NBA,Phoenix Suns,PHO,False
2026,NBA,Portland Trail Blazers,POR,False
2026,NBA,Sacramento Kings,SAC,False
2026,NBA,San Antonio Spurs,SAS,True
2026,NBA,Toronto Raptors,TOR,False
2026,NBA,Utah Jazz,UTA,False
2026,NBA,Washington Wizards,WAS,False
2025,NBA,Atlanta Hawks,ATL,True
2025,NBA,Boston Celtics,BOS,True
2025,NBA,Brooklyn Nets,BRK,False
2025,NBA,Chicago Bulls,CHI,True
2025,NBA,Charlotte Hornets,CHO,False
2025,NBA,Cleveland Cavaliers,CLE,True
2025,NBA,Dallas Mavericks,DAL,True
2025,NBA,Denver Nuggets,DEN,True
2025,NBA,Detroit Pistons,DET,True
2025,NBA,Golden State Warriors,GSW,True
2025,NBA,Houston Rockets,HOU,True
2025,NBA,Indiana Pacers,IND,True
2025,NBA,Los Angeles Clippers,LAC,True
2025,NBA,Los Angeles Lakers,LAL,True
2025,NBA,Memphis Grizzlies,MEM,True
2025,NBA,Miami Heat,MIA,True
2025,NBA,Milwaukee Bucks,MIL,True
2025,NBA,Minnesota Timberwolves,MIN,True
2025,NBA,New Orleans Pelicans,NOP,False
2025,NBA,New York Knicks,NYK,True
2025,NBA,Oklahoma City Thunder,OKC,True
2025,NBA,Orlando Magic,ORL,True
2025,NBA,Philadelphia 76ers,PHI,False
2025,NBA,Phoenix Suns,PHO,False
2025,NBA,Portland Trail Blazers,POR,False
2025,NBA,Sacramento Kings,SAC,True
2025,NBA,San Antonio Spurs,SAS,False
2025,NBA,Toronto Raptors,TOR,False
2025,NBA,Utah Jazz,UTA,False
2025,NBA,Washington Wizards,WAS,False
2024,NBA,Atlanta Hawks,ATL,False
2024,NBA,Boston Celtics,BOS,True
2024,NBA,Brooklyn Nets,BRK,False
2024,NBA,Chicago Bulls,CHI,False
2024,NBA,Charlotte Hornets,CHO,False
2024,NBA,Cleveland Cavaliers,CLE,True
2024,NBA,Dallas Mavericks,DAL,True
2024,NBA,Denver Nuggets,DEN,True
2024,NBA,Detroit Pistons,DET,False
2024,NBA,Golden State Warriors,GSW,False
2024,NBA,Houston Rockets,HOU,False
2024,NBA,Indiana Pacers,IND,True
2024,NBA,Los Angeles Clippers,LAC,True
2024,NBA,Los Angeles Lakers,LAL,True
2024,NBA,Memphis Grizzlies,MEM,False
2024,NBA,Miami Heat,MIA,True
2024,NBA,Milwaukee Bucks,MIL,True
2024,NBA,Minnesota Timberwolves,MIN,True
2024,NBA,New Orleans Pelicans,NOP,True
2024,NBA,New York Knicks,NYK,True
2024,NBA,Oklahoma City Thunder,OKC,True
2024,NBA,Orlando Magic,ORL,True
2024,NBA,Philadelphia 76ers,PHI,True
2024,NBA,Phoenix Suns,PHO,True
2024,NBA,Portland Trail Blazers,POR,False
2024,NBA,Sacramento Kings,SAC,False
2024,NBA,San Antonio Spurs,SAS,False
2024,NBA,Toronto Raptors,TOR,False
2024,NBA,Utah Jazz,UTA,False
2024,NBA,Washington Wizards,WAS,False
2023,NBA,Atlanta Hawks,ATL,True
2023,NBA,Boston Celtics,BOS,True
2023,NBA,Brooklyn Nets,BRK,True
2023,NBA,Chicago Bulls,CHI,False
2023,NBA,Charlotte Hornets,CHO,False
2023,NBA,Cleveland Cavaliers,CLE,True
2023,NBA,Dallas Mavericks,DAL,False
2023,NBA,Denver Nuggets,DEN,True
2023,NBA,Detroit Pistons,DET,False
2023,NBA,Golden State Warriors,GSW,True
2023,NBA,Houston Rockets,HOU,False
2023,NBA,Indiana Pacers,IND,False
2023,NBA,Los Angeles Clippers,LAC,True
2023,NBA,Los Angeles Lakers,LAL,True
2023,NBA,Memphis Grizzlies,MEM,True
2023,NBA,Miami Heat,MIA,True
2023,NBA,Milwaukee Bucks,MIL,True
2023,NBA,Minnesota Timberwolves,MIN,True
2023,NBA,New Orleans Pelicans,NOP,False
2023,NBA,New York Knicks,NYK,True
2023,NBA,Oklahoma City Thunder,OKC,False
2023,NBA,Orlando Magic,ORL,False
2023,NBA,Philadelphia 76ers,PHI,True
2023,NBA,Phoenix Suns,PHO,True
2023,NBA,Portland Trail Blazers,POR,False
2023,NBA,Sacramento Kings,SAC,True
2023,NBA,San Antonio Spurs,SAS,False
2023,NBA,Toronto Raptors,TOR,False
2023,NBA,Utah Jazz,UTA,False
2023,NBA,Washington Wizards,WAS,False
2022,NBA,Atlanta Hawks,ATL,True
2022,NBA,Boston Celtics,BOS,True
2022,NBA,Brooklyn Nets,BRK,True
2022,NBA,Chicago Bulls,CHI,True
2022,NBA,Charlotte Hornets,CHO,False
2022,NBA,Cleveland Cavaliers,CLE,False
2022,NBA,Dallas Mavericks,DAL,True
2022,NBA,Denver Nuggets,DEN,True
2022,NBA,Detroit Pistons,DET,False
2022,NBA,Golden State Warriors,GSW,True
2022,NBA,Houston Rockets,HOU,False
2022,NBA,Indiana Pacers,IND,False
2022,NBA,Los Angeles Clippers,LAC,False
2022,NBA,Los Angeles Lakers,LAL,False
2022,NBA,Memphis Grizzlies,MEM,True
2022,NBA,Miami Heat,MIA,True
2022,NBA,Milwaukee Bucks,MIL,True
2022,NBA,Minnesota Timberwolves,MIN,True
2022,NBA,New Orleans Pelicans,NOP,True
2022,NBA,New York Knicks,NYK,False
2022,NBA,Oklahoma City Thunder,OKC,False
2022,NBA,Orlando Magic,ORL,False
2022,NBA,Philadelphia 76ers,PHI,True
2022,NBA,Phoenix Suns,PHO,True
2022,NBA,Portland Trail Blazers,POR,False
2022,NBA,Sacramento Kings,SAC,False
2022,NBA,San Antonio Spurs,SAS,False
2022,NBA,Toronto Raptors,TOR,True
2022,NBA,Utah Jazz,UTA,True
2022,NBA,Washington Wizards,WAS,False
2021,NBA,Atlanta Hawks,ATL,True
2021,NBA,Boston Celtics,BOS,True
2021,NBA,Brooklyn Nets,BRK,True
2021,NBA,Chicago Bulls,CHI,False
2021,NBA,Charlotte Hornets,CHO,False
2021,NBA,Cleveland Cavaliers,CLE,False
2021,NBA,Dallas Mavericks,DAL,True
2021,NBA,Denver Nuggets,DEN,True
2021,NBA,Detroit Pistons,DET,False
2021,NBA,Golden State Warriors,GSW,False
2021,NBA,Houston Rockets,HOU,False
2021,NBA,Indiana Pacers,IND,False
2021,NBA,Los Angeles Clippers,LAC,True
2021,NBA,Los Angeles Lakers,LAL,True
2021,NBA,Memphis Grizzlies,MEM,True
2021,NBA,Miami Heat,MIA,True
2021,NBA,Milwaukee Bucks,MIL,True
2021,NBA,Minnesota Timberwolves,MIN,False
2021,NBA,New Orleans Pelicans,NOP,False
2021,NBA,New York Knicks,NYK,True
2021,NBA,Oklahoma City Thunder,OKC,False
2021,NBA,Orlando Magic,ORL,False
2021,NBA,Philadelphia 76ers,PHI,True
2021,NBA,Phoenix Suns,PHO,True
2021,NBA,Portland Trail Blazers,POR,True
2021,NBA,Sacramento Kings,SAC,False
2021,NBA,San Antonio Spurs,SAS,False
2021,NBA,Toronto Raptors,TOR,False
2021,NBA,Utah Jazz,UTA,True
2021,NBA,Washington Wizards,WAS,True
2020,NBA,Atlanta Hawks,ATL,False
2020,NBA,Boston Celtics,BOS,True
2020,NBA,Brooklyn Nets,BRK,True
2020,NBA,Chicago Bulls,CHI,False
2020,NBA,Charlotte Hornets,CHO,False
2020,NBA,Cleveland Cavaliers,CLE,False
2020,NBA,Dallas Mavericks,DAL,True
2020,NBA,Denver Nuggets,DEN,True
2020,NBA,Detroit Pistons,DET,False
2020,NBA,Golden State Warriors,GSW,False
2020,NBA,Houston Rockets,HOU,True
2020,NBA,Indiana Pacers,IND,True
2020,NBA,Los Angeles Clippers,LAC,True
2020,NBA,Los Angeles Lakers,LAL,True
2020,NBA,Memphis Grizzlies,MEM,False
2020,NBA,Miami Heat,MIA,True
2020,NBA,Milwaukee Bucks,MIL,True
2020,NBA,Minnesota Timberwolves,MIN,False
2020,NBA,New Orleans Pelicans,NOP,False
2020,NBA,New York Knicks,NYK,False
2020,NBA,Oklahoma City Thunder,OKC,True
2020,NBA,Orlando Magic,ORL,True
2020,NBA,Philadelphia 76ers,PHI,True
2020,NBA,Phoenix Suns,PHO,False
2020,NBA,Portland Trail Blazers,POR,True
2020,NBA,Sacramento Kings,SAC,False
2020,NBA,San Antonio Spurs,SAS,False
2020,NBA,Toronto Raptors,TOR,True
2020,NBA,Utah Jazz,UTA,True
2020,NBA,Washington Wizards,WAS,False
2019,NBA,Atlanta Hawks,ATL,False
2019,NBA,Boston Celtics,BOS,True
2019,NBA,Brooklyn Nets,BRK,True
2019,NBA,Chicago Bulls,CHI,False
2019,NBA,Charlotte Hornets,CHO,False
2019,NBA,Cleveland Cavaliers,CLE,False
2019,NBA,Dallas Mavericks,DAL,False
2019,NBA,Denver Nuggets,DEN,True
2019,NBA,Detroit Pistons,DET,True
2019,NBA,Golden State Warriors,GSW,True
2019,NBA,Houston Rockets,HOU,True
2019,NBA,Indiana Pacers,IND,True
2019,NBA,Los Angeles Clippers,LAC,True
2019,NBA,Los Angeles Lakers,LAL,False
2019,NBA,Memphis Grizzlies,MEM,False
2019,NBA,Miami Heat,MIA,False
2019,NBA,Milwaukee Bucks,MIL,True
2019,NBA,Minnesota Timberwolves,MIN,False
2019,NBA,New Orleans Pelicans,NOP,False
2019,NBA,New York Knicks,NYK,False
2019,NBA,Oklahoma City Thunder,OKC,True
2019,NBA,Orlando Magic,ORL,True
2019,NBA,Philadelphia 76ers,PHI,True
2019,NBA,Phoenix Suns,PHO,False
2019,NBA,Portland Trail Blazers,POR,True
2019,NBA,Sacramento Kings,SAC,False
2019,NBA,San Antonio Spurs,SAS,True
2019,NBA,Toronto Raptors,TOR,True
2019,NBA,Utah Jazz,UTA,True
2019,NBA,Washington Wizards,WAS,False
2018,NBA,Atlanta Hawks,ATL,False
2018,NBA,Boston Celtics,BOS,True
2018,NBA,Brooklyn Nets,BRK,False
2018,NBA,Chicago Bulls,CHI,False
2018,NBA,Charlotte Hornets,CHO,False
2018,NBA,Cleveland Cavaliers,CLE,True
2018,NBA,Dallas Mavericks,DAL,False
2018,NBA,Denver Nuggets,DEN,False
2018,NBA,Detroit Pistons,DET,False
2018,NBA,Golden State Warriors,GSW,True
2018,NBA,Houston Rockets,HOU,True
2018,NBA,Indiana Pacers,IND,True
2018,NBA,Los Angeles Clippers,LAC,False
2018,NBA,Los Angeles Lakers,LAL,False
2018,NBA,Memphis Grizzlies,MEM,False
2018,NBA,Miami Heat,MIA,True
2018,NBA,Milwaukee Bucks,MIL,True
2018,NBA,Minnesota Timberwolves,MIN,True
2018,NBA,New Orleans Pelicans,NOP,True
2018,NBA,New York Knicks,NYK,False
2018,NBA,Oklahoma City Thunder,OKC,True
2018,NBA,Orlando Magic,ORL,False
2018,NBA,Philadelphia 76ers,PHI,True
2018,NBA,Phoenix Suns,PHO,False
2018,NBA,Portland Trail Blazers,POR,True
2018,NBA,Sacramento Kings,SAC,False
2018,NBA,San Antonio Spurs,SAS,True
2018,NBA,Toronto Raptors,TOR,True
2018,NBA,Utah Jazz,UTA,True
2018,NBA,Washington Wizards,WAS,True
2017,NBA,Atlanta Hawks,ATL,True
2017,NBA,Boston Celtics,BOS,True
2017,NBA,Brooklyn Nets,BRK,False
2017,NBA,Chicago Bulls,CHI,True
2017,NBA,Charlotte Hornets,CHO,False
2017,NBA,Cleveland Cavaliers,CLE,True
2017,NBA,Dallas Mavericks,DAL,False
2017,NBA,Denver Nuggets,DEN,False
2017,NBA,Detroit Pistons,DET,False
2017,NBA,Golden State Warriors,GSW,True
2017,NBA,Houston Rockets,HOU,True
2017,NBA,Indiana Pacers,IND,True
2017,NBA,Los Angeles Clippers,LAC,True
2017,NBA,Los Angeles Lakers,LAL,False
2017,NBA,Memphis Grizzlies,MEM,True
2017,NBA,Miami Heat,MIA,False
2017,NBA,Milwaukee Bucks,MIL,True
2017,NBA,Minnesota Timberwolves,MIN,False
2017,NBA,New Orleans Pelicans,NOP,False
2017,NBA,New York Knicks,NYK,False
2017,NBA,Oklahoma City Thunder,OKC,True
2017,NBA,Orlando Magic,ORL,False
2017,NBA,Philadelphia 76ers,PHI,False
2017,NBA,Phoenix Suns,PHO,False
2017,NBA,Portland Trail Blazers,POR,True
2017,NBA,Sacramento Kings,SAC,False
2017,NBA,San Antonio Spurs,SAS,True
2017,NBA,Toronto Raptors,TOR,True
2017,NBA,Utah Jazz,UTA,True
2017,NBA,Washington Wizards,WAS,True
2016,NBA,Atlanta Hawks,ATL,True
2016,NBA,Boston Celtics,BOS,True
2016,NBA,Brooklyn Nets,BRK,False
2016,NBA,Chicago Bulls,CHI,False
2016,NBA,Charlotte Hornets,CHO,True
2016,NBA,Cleveland Cavaliers,CLE,True
2016,NBA,Dallas Mavericks,DAL,True
2016,NBA,Denver Nuggets,DEN,False
2016,NBA,Detroit Pistons,DET,True
2016,NBA,Golden State Warriors,GSW,True
2016,NBA,Houston Rockets,HOU,True
2016,NBA,Indiana Pacers,IND,True
2016,NBA,Los Angeles Clippers,LAC,True
2016,NBA,Los Angeles Lakers,LAL,False
2016,NBA,Memphis Grizzlies,MEM,True
2016,NBA,Miami Heat,MIA,True
2016,NBA,Milwaukee Bucks,MIL,False
2016,NBA,Minnesota Timberwolves,MIN,False
2016,NBA,New Orleans Pelicans,NOP,False
2016,NBA,New York Knicks,NYK,False
2016,NBA,Oklahoma City Thunder,OKC,True
2016,NBA,Orlando Magic,ORL,False
2016,NBA,Philadelphia 76ers,PHI,False
2016,NBA,Phoenix Suns,PHO,False
2016,NBA,Portland Trail Blazers,POR,True
2016,NBA,Sacramento Kings,SAC,False
2016,NBA,San Antonio Spurs,SAS,True
2016,NBA,Toronto Raptors,TOR,True
2016,NBA,Utah Jazz,UTA,False
2016,NBA,Washington Wizards,WAS,False
2015,NBA,Atlanta Hawks,ATL,True
2015,NBA,Boston Celtics,BOS,True
2015,NBA,Brooklyn Nets,BRK,True
2015,NBA,Chicago Bulls,CHI,True
2015,NBA,Charlotte Hornets,CHO,False
2015,NBA,Cleveland Cavaliers,CLE,True
2015,NBA,Dallas Mavericks,DAL,True
2015,NBA,Denver Nuggets,DEN,False
2015,NBA,Detroit Pistons,DET,False
2015,NBA,Golden State Warriors,GSW,True
2015,NBA,Houston Rockets,HOU,True
2015,NBA,Indiana Pacers,IND,False
2015,NBA,Los Angeles Clippers,LAC,True
2015,NBA,Los Angeles Lakers,LAL,False
2015,NBA,Memphis Grizzlies,MEM,True
2015,NBA,Miami Heat,MIA,False
2015,NBA,Milwaukee Bucks,MIL,True
2015,NBA,Minnesota Timberwolves,MIN,False
2015,NBA,New Orleans Pelicans,NOP,True
2015,NBA,New York Knicks,NYK,False
2015,NBA,Oklahoma City Thunder,OKC,False
2015,NBA,Orlando Magic,ORL,False
2015,NBA,Philadelphia 76ers,PHI,False
2015,NBA,Phoenix Suns,PHO,False
2015,NBA,Portland Trail Blazers,POR,True
2015,NBA,Sacramento Kings,SAC,False
2015,NBA,San Antonio Spurs,SAS,True
2015,NBA,Toronto Raptors,TOR,True
2015,NBA,Utah Jazz,UTA,False
2015,NBA,Washington Wizards,WAS,True
2014,NBA,Atlanta Hawks,ATL,True
2014,NBA,Boston Celtics,BOS,False
2014,NBA,Brooklyn Nets,BRK,True
2014,NBA,Charlotte Bobcats,CHA,True
2014,NBA,Chicago Bulls,CHI,True
2014,NBA,Cleveland Cavaliers,CLE,False
2014,NBA,Dallas Mavericks,DAL,True
2014,NBA,Denver Nuggets,DEN,False
2014,NBA,Detroit Pistons,DET,False
2014,NBA,Golden State Warriors,GSW,True
2014,NBA,Houston Rockets,HOU,True
2014,NBA,Indiana Pacers,IND,True
2014,NBA,Los Angeles Clippers,LAC,True
2014,NBA,Los Angeles Lakers,LAL,False
2014,NBA,Memphis Grizzlies,MEM,True
2014,NBA,Miami Heat,MIA,True
2014,NBA,Milwaukee Bucks,MIL,False
2014,NBA,Minnesota Timberwolves,MIN,False
2014,NBA,New Orleans Pelicans,NOP,False
2014,NBA,New York Knicks,NYK,False
2014,NBA,Oklahoma City Thunder,OKC,True
2014,NBA,Orlando Magic,ORL,False
2014,NBA,Philadelphia 76ers,PHI,False
2014,NBA,Phoenix Suns,PHO,False
2014,NBA,Portland Trail Blazers,POR,True
2014,NBA,Sacramento Kings,SAC,False
2014,NBA,San Antonio Spurs,SAS,True
2014,NBA,Toronto Raptors,TOR,True
2014,NBA,Utah Jazz,UTA,False
2014,NBA,Washington Wizards,WAS,True
2013,NBA,Atlanta Hawks,ATL,True
2013,NBA,Boston Celtics,BOS,True
2013,NBA,Brooklyn Nets,BRK,True
2013,NBA,Charlotte Bobcats,CHA,False
2013,NBA,Chicago Bulls,CHI,True
2013,NBA,Cleveland Cavaliers,CLE,False
2013,NBA,Dallas Mavericks,DAL,False
2013,NBA,Denver Nuggets,DEN,True
2013,NBA,Detroit Pistons,DET,False
2013,NBA,Golden State Warriors,GSW,True
2013,NBA,Houston Rockets,HOU,True
2013,NBA,Indiana Pacers,IND,True
2013,NBA,Los Angeles Clippers,LAC,True
2013,NBA,Los Angeles Lakers,LAL,True
2013,NBA,Memphis Grizzlies,MEM,True
2013,NBA,Miami Heat,MIA,True
2013,NBA,Milwaukee Bucks,MIL,True
2013,NBA,Minnesota Timberwolves,MIN,False
2013,NBA,New Orleans Hornets,NOH,False
2013,NBA,New York Knicks,NYK,True
2013,NBA,Oklahoma City Thunder,OKC,True
2013,NBA,Orlando Magic,ORL,False
2013,NBA,Philadelphia 76ers,PHI,False
2013,NBA,Phoenix Suns,PHO,False
2013,NBA,Portland Trail Blazers,POR,False
2013,NBA,Sacramento Kings,SAC,False
2013,NBA,San Antonio Spurs,SAS,True
2013,NBA,Toronto Raptors,TOR,False
2013,NBA,Utah Jazz,UTA,False
2013,NBA,Washington Wizards,WAS,False
2012,NBA,Atlanta Hawks,ATL,True
2012,NBA,Boston Celtics,BOS,True
2012,NBA,Charlotte Bobcats,CHA,False
2012,NBA,Chicago Bulls,CHI,True
2012,NBA,Cleveland Cavaliers,CLE,False
2012,NBA,Dallas Mavericks,DAL,True
2012,NBA,Denver Nuggets,DEN,True
2012,NBA,Detroit Pistons,DET,False
2012,NBA,Golden State Warriors,GSW,False
2012,NBA,Houston Rockets,HOU,False
2012,NBA,Indiana Pacers,IND,True
2012,NBA,Los Angeles Clippers,LAC,True
2012,NBA,Los Angeles Lakers,LAL,True
2012,NBA,Memphis Grizzlies,MEM,True
2012,NBA,Miami Heat,MIA,True
2012,NBA,Milwaukee Bucks,MIL,False
2012,NBA,Minnesota Timberwolves,MIN,False
2012,NBA,New Jersey Nets,NJN,False
2012,NBA,New Orleans Hornets,NOH,False
2012,NBA,New York Knicks,NYK,True
2012,NBA,Oklahoma City Thunder,OKC,True
2012,NBA,Orlando Magic,ORL,True
2012,NBA,Philadelphia 76ers,PHI,True
2012,NBA,Phoenix Suns,PHO,False
2012,NBA,Portland Trail Blazers,POR,False
2012,NBA,Sacramento Kings,SAC,False
2012,NBA,San Antonio Spurs,SAS,True
2012,NBA,Toronto Raptors,TOR,False
2012,NBA,Utah Jazz,UTA,True
2012,NBA,Washington Wizards,WAS,False
2011,NBA,Atlanta Hawks,ATL,True
2011,NBA,Boston Celtics,BOS,True
2011,NBA,Charlotte Bobcats,CHA,False
2011,NBA,Chicago Bulls,CHI,True
2011,NBA,Cleveland Cavaliers,CLE,False
2011,NBA,Dallas Mavericks,DAL,True
2011,NBA,Denver Nuggets,DEN,True
2011,NBA,Detroit Pistons,DET,False
2011,NBA,Golden State Warriors,GSW,False
2011,NBA,Houston Rockets,HOU,False
2011,NBA,Indiana Pacers,IND,True
2011,NBA,Los Angeles Clippers,LAC,False
2011,NBA,Los Angeles Lakers,LAL,True
2011,NBA,Memphis Grizzlies,MEM,True
2011,NBA,Miami Heat,MIA,True
2011,NBA,Milwaukee Bucks,MIL,False
2011,NBA,Minnesota Timberwolves,MIN,False
2011,NBA,New Jersey Nets,NJN,False
2011,NBA,New Orleans Hornets,NOH,True
2011,NBA,New York Knicks,NYK,True
2011,NBA,Oklahoma City Thunder,OKC,True
2011,NBA,Orlando Magic,ORL,True
2011,NBA,Philadelphia 76ers,PHI,True
2011,NBA,Phoenix Suns,PHO,False
2011,NBA,Portland Trail Blazers,POR,True
2011,NBA,Sacramento Kings,SAC,False
2011,NBA,San Antonio Spurs,SAS,True
2011,NBA,Toronto Raptors,TOR,False
2011,NBA,Utah Jazz,UTA,False
2011,NBA,Washington Wizards,WAS,False
2010,NBA,Atlanta Hawks,ATL,True
2010,NBA,Boston Celtics,BOS,True
2010,NBA,Charlotte Bobcats,CHA,True
2010,NBA,Chicago Bulls,CHI,True
2010,NBA,Cleveland Cavaliers,CLE,True
2010,NBA,Dallas Mavericks,DAL,True
2010,NBA,Denver Nuggets,DEN,True
2010,NBA,Detroit Pistons,DET,False
2010,NBA,Golden State Warriors,GSW,False
2010,NBA,Houston Rockets,HOU,False
2010,NBA,Indiana Pacers,IND,False
2010,NBA,Los Angeles Clippers,LAC,False
2010,NBA,Los Angeles Lakers,LAL,True
2010,NBA,Memphis Grizzlies,MEM,False
2010,NBA,Miami Heat,MIA,True
2010,NBA,Milwaukee Bucks,MIL,True
2010,NBA,Minnesota Timberwolves,MIN,False
2010,NBA,New Jersey Nets,NJN,False
2010,NBA,New Orleans Hornets,NOH,False
2010,NBA,New York Knicks,NYK,False
2010,NBA,Oklahoma City Thunder,OKC,True
2010,NBA,Orlando Magic,ORL,True
2010,NBA,Philadelphia 76ers,PHI,False
2010,NBA,Phoenix Suns,PHO,True
2010,NBA,Portland Trail Blazers,POR,True
2010,NBA,Sacramento Kings,SAC,False
2010,NBA,San Antonio Spurs,SAS,True
2010,NBA,Toronto Raptors,TOR,False
2010,NBA,Utah Jazz,UTA,True
2010,NBA,Washington Wizards,WAS,False
2009,NBA,Atlanta Hawks,ATL,True
2009,NBA,Boston Celtics,BOS,True
2009,NBA,Charlotte Bobcats,CHA,False
2009,NBA,Chicago Bulls,CHI,True
2009,NBA,Cleveland Cavaliers,CLE,True
2009,NBA,Dallas Mavericks,DAL,True
2009,NBA,Denver Nuggets,DEN,True
2009,NBA,Detroit Pistons,DET,True
2009,NBA,Golden State Warriors,GSW,False
2009,NBA,Houston Rockets,HOU,True
2009,NBA,Indiana Pacers,IND,False
2009,NBA,Los Angeles Clippers,LAC,False
2009,NBA,Los Angeles Lakers,LAL,True
2009,NBA,Memphis Grizzlies,MEM,False
2009,NBA,Miami Heat,MIA,True
2009,NBA,Milwaukee Bucks,MIL,False
2009,NBA,Minnesota Timberwolves,MIN,False
2009,NBA,New Jersey Nets,NJN,False
2009,NBA,New Orleans Hornets,NOH,True
2009,NBA,New York Knicks,NYK,False
2009,NBA,Oklahoma City Thunder,OKC,False
2009,NBA,Orlando Magic,ORL,True
2009,NBA,Philadelphia 76ers,PHI,True
2009,NBA,Phoenix Suns,PHO,False
2009,NBA,Portland Trail Blazers,POR,True
2009,NBA,Sacramento Kings,SAC,False
2009,NBA,San Antonio Spurs,SAS,True
2009,NBA,Toronto Raptors,TOR,False
2009,NBA,Utah Jazz,UTA,True
2009,NBA,Washington Wizards,WAS,False
2008,NBA,Atlanta Hawks,ATL,True
2008,NBA,Boston Celtics,BOS,True
2008,NBA,Charlotte Bobcats,CHA,False
2008,NBA,Chicago Bulls,CHI,False
2008,NBA,Cleveland Cavaliers,CLE,True
2008,NBA,Dallas Mavericks,DAL,True
2008,NBA,Denver Nuggets,DEN,True
2008,NBA,Detroit Pistons,DET,True
2008,NBA,Golden State Warriors,GSW,False
2008,NBA,Houston Rockets,HOU,True
2008,NBA,Indiana Pacers,IND,False
2008,NBA,Los Angeles Clippers,LAC,False
2008,NBA,Los Angeles Lakers,LAL,True
2008,NBA,Memphis Grizzlies,MEM,False
2008,NBA,Miami Heat,MIA,False
2008,NBA,Milwaukee Bucks,MIL,False
2008,NBA,Minnesota Timberwolves,MIN,False
2008,NBA,New Jersey Nets,NJN,False
2008,NBA,New Orleans Hornets,NOH,True
2008,NBA,New York Knicks,NYK,False
2008,NBA,Orlando Magic,ORL,True
2008,NBA,Philadelphia 76ers,PHI,True
2008,NBA,Phoenix Suns,PHO,True
2008,NBA,Portland Trail Blazers,POR,False
2008,NBA,Sacramento Kings,SAC,False
2008,NBA,San Antonio Spurs,SAS,True
2008,NBA,Seattle SuperSonics,SEA,False
2008,NBA,Toronto Raptors,TOR,True
2008,NBA,Utah Jazz,UTA,True
2008,NBA,Washington Wizards,WAS,True
2007,NBA,Atlanta Hawks,ATL,False
2007,NBA,Boston Celtics,BOS,False
2007,NBA,Charlotte Bobcats,CHA,False
2007,NBA,Chicago Bulls,CHI,True
2007,NBA,Cleveland Cavaliers,CLE,True
2007,NBA,Dallas Mavericks,DAL,True
2007,NBA,Denver Nuggets,DEN,True
2007,NBA,Detroit Pistons,DET,True
2007,NBA,Golden State Warriors,GSW,True
2007,NBA,Houston Rockets,HOU,True
2007,NBA,Indiana Pacers,IND,False
2007,NBA,Los Angeles Clippers,LAC,False
2007,NBA,Los Angeles Lakers,LAL,True
2007,NBA,Memphis Grizzlies,MEM,False
2007,NBA,Miami Heat,MIA,True
2007,NBA,Milwaukee Bucks,MIL,False
2007,NBA,Minnesota Timberwolves,MIN,False
2007,NBA,New Jersey Nets,NJN,True
2007,NBA,New Orleans/Oklahoma City Hornets,NOK,False
2007,NBA,New York Knicks,NYK,False
2007,NBA,Orlando Magic,ORL,True
2007,NBA,Philadelphia 76ers,PHI,False
2007,NBA,Phoenix Suns,PHO,True
2007,NBA,Portland Trail Blazers,POR,False
2007,NBA,Sacramento Kings,SAC,False
2007,NBA,San Antonio Spurs,SAS,True
2007,NBA,Seattle SuperSonics,SEA,False
2007,NBA,Toronto Raptors,TOR,True
2007,NBA,Utah Jazz,UTA,True
2007,NBA,Washington Wizards,WAS,True
2006,NBA,Atlanta Hawks,ATL,False
2006,NBA,Boston Celtics,BOS,False
2006,NBA,Charlotte Bobcats,CHA,False
2006,NBA,Chicago Bulls,CHI,True
2006,NBA,Cleveland Cavaliers,CLE,True
2006,NBA,Dallas Mavericks,DAL,True
2006,NBA,Denver Nuggets,DEN,True
2006,NBA,Detroit Pistons,DET,True
2006,NBA,Golden State Warriors,GSW,False
2006,NBA,Houston Rockets,HOU,False
2006,NBA,Indiana Pacers,IND,True
2006,NBA,Los Angeles Clippers,LAC,True
2006,NBA,Los Angeles Lakers,LAL,True
2006,NBA,Memphis Grizzlies,MEM,True
2006,NBA,Miami Heat,MIA,True
2006,NBA,Milwaukee Bucks,MIL,True
2006,NBA,Minnesota Timberwolves,MIN,False
2006,NBA,New Jersey Nets,NJN,True
2006,NBA,New Orleans/Oklahoma City Hornets,NOK,False
2006,NBA,New York Knicks,NYK,False
2006,NBA,Orlando Magic,ORL,False
2006,NBA,Philadelphia 76ers,PHI,False
2006,NBA,Phoenix Suns,PHO,True
2006,NBA,Portland Trail Blazers,POR,False
2006,NBA,Sacramento Kings,SAC,True
2006,NBA,San Antonio Spurs,SAS,True
2006,NBA,Seattle SuperSonics,SEA,False
2006,NBA,Toronto Raptors,TOR,False
2006,NBA,Utah Jazz,UTA,False
2006,NBA,Washington Wizards,WAS,True
2005,NBA,Atlanta Hawks,ATL,False
2005,NBA,Boston Celtics,BOS,True
2005,NBA,Charlotte Bobcats,CHA,False
2005,NBA,Chicago Bulls,CHI,True
2005,NBA,Cleveland Cavaliers,CLE,False
2005,NBA,Dallas Mavericks,DAL,True
2005,NBA,Denver Nuggets,DEN,True
2005,NBA,Detroit Pistons,DET,True
2005,NBA,Golden State Warriors,GSW,False
2005,NBA,Houston Rockets,HOU,True
2005,NBA,Indiana Pacers,IND,True
2005,NBA,Los Angeles Clippers,LAC,False
2005,NBA,Los Angeles Lakers,LAL,False
2005,NBA,Memphis Grizzlies,MEM,True
2005,NBA,Miami Heat,MIA,True
2005,NBA,Milwaukee Bucks,MIL,False
2005,NBA,Minnesota Timberwolves,MIN,False
2005,NBA,New Jersey Nets,NJN,True
2005,NBA,New Orleans Hornets,NOH,False
2005,NBA,New York Knicks,NYK,False
2005,NBA,Orlando Magic,ORL,False
2005,NBA,Philadelphia 76ers,PHI,True
2005,NBA,Phoenix Suns,PHO,True
2005,NBA,Portland Trail Blazers,POR,False
2005,NBA,Sacramento Kings,SAC,True
2005,NBA,San Antonio Spurs,SAS,True
2005,NBA,Seattle SuperSonics,SEA,True
2005,NBA,Toronto Raptors,TOR,False
2005,NBA,Utah Jazz,UTA,False
2005,NBA,Washington Wizards,WAS,True
2004,NBA,Atlanta Hawks,ATL,False
2004,NBA,Boston Celtics,BOS,True
2004,NBA,Chicago Bulls,CHI,False
2004,NBA,Cleveland Cavaliers,CLE,False
2004,NBA,Dallas Mavericks,DAL,True
2004,NBA,Denver Nuggets,DEN,True
2004,NBA,Detroit Pistons,DET,True
2004,NBA,Golden State Warriors,GSW,False
2004,NBA,Houston Rockets,HOU,True
2004,NBA,Indiana Pacers,IND,True
2004,NBA,Los Angeles Clippers,LAC,False
2004,NBA,Los Angeles Lakers,LAL,True
2004,NBA,Memphis Grizzlies,MEM,True
2004,NBA,Miami Heat,MIA,True
2004,NBA,Milwaukee Bucks,MIL,True
2004,NBA,Minnesota Timberwolves,MIN,True
2004,NBA,New Jersey Nets,NJN,True
2004,NBA,New Orleans Hornets,NOH,True
2004,NBA,New York Knicks,NYK,True
2004,NBA,Orlando Magic,ORL,False
2004,NBA,Philadelphia 76ers,PHI,False
2004,NBA,Phoenix Suns,PHO,False
2004,NBA,Portland Trail Blazers,POR,False
2004,NBA,Sacramento Kings,SAC,True
2004,NBA,San Antonio Spurs,SAS,True
2004,NBA,Seattle SuperSonics,SEA,False
2004,NBA,Toronto Raptors,TOR,False
2004,NBA,Utah Jazz,UTA,False
2004,NBA,Washington Wizards,WAS,False
2003,NBA,Atlanta Hawks,ATL,False
2003,NBA,Boston Celtics,BOS,True
2003,NBA,Chicago Bulls,CHI,False
2003,NBA,Cleveland Cavaliers,CLE,False
2003,NBA,Dallas Mavericks,DAL,True
2003,NBA,Denver Nuggets,DEN,False
2003,NBA,Detroit Pistons,DET,True
2003,NBA,Golden State Warriors,GSW,False
2003,NBA,Houston Rockets,HOU,False
2003,NBA,Indiana Pacers,IND,True
2003,NBA,Los Angeles Clippers,LAC,False
2003,NBA,Los Angeles Lakers,LAL,True
2003,NBA,Memphis Grizzlies,MEM,False
2003,NBA,Miami Heat,MIA,False
2003,NBA,Milwaukee Bucks,MIL,True
2003,NBA,Minnesota Timberwolves,MIN,True
2003,NBA,New Jersey Nets,NJN,True
2003,NBA,New Orleans Hornets,NOH,True
2003,NBA,New York Knicks,NYK,False
2003,NBA,Orlando Magic,ORL,True
2003,NBA,Philadelphia 76ers,PHI,True
2003,NBA,Phoenix Suns,PHO,True
2003,NBA,Portland Trail Blazers,POR,True
2003,NBA,Sacramento Kings,SAC,True
2003,NBA,San Antonio Spurs,SAS,True
2003,NBA,Seattle SuperSonics,SEA,False
2003,NBA,Toronto Raptors,TOR,False
2003,NBA,Utah Jazz,UTA,True
2003,NBA,Washington Wizards,WAS,False
2002,NBA,Atlanta Hawks,ATL,False
2002,NBA,Boston Celtics,BOS,True
2002,NBA,Charlotte Hornets,CHH,True
2002,NBA,Chicago Bulls,CHI,False
2002,NBA,Cleveland Cavaliers,CLE,False
2002,NBA,Dallas Mavericks,DAL,True
2002,NBA,Denver Nuggets,DEN,False
2002,NBA,Detroit Pistons,DET,True
2002,NBA,Golden State Warriors,GSW,False
2002,NBA,Houston Rockets,HOU,False
2002,NBA,Indiana Pacers,IND,True
2002,NBA,Los Angeles Clippers,LAC,False
2002,NBA,Los Angeles Lakers,LAL,True
2002,NBA,Memphis Grizzlies,MEM,False
2002,NBA,Miami Heat,MIA,False
2002,NBA,Milwaukee Bucks,MIL,False
2002,NBA,Minnesota Timberwolves,MIN,True
2002,NBA,New Jersey Nets,NJN,True
2002,NBA,New York Knicks,NYK,False
2002,NBA,Orlando Magic,ORL,True
2002,NBA,Philadelphia 76ers,PHI,True
2002,NBA,Phoenix Suns,PHO,False
2002,NBA,Portland Trail Blazers,POR,True
2002,NBA,Sacramento Kings,SAC,True
2002,NBA,San Antonio Spurs,SAS,True
2002,NBA,Seattle SuperSonics,SEA,True
2002,NBA,Toronto Raptors,TOR,True
2002,NBA,Utah Jazz,UTA,True
2002,NBA,Washington Wizards,WAS,False
2001,NBA,Atlanta Hawks,ATL,False
2001,NBA,Boston Celtics,BOS,False
2001,NBA,Charlotte Hornets,CHH,True
2001,NBA,Chicago Bulls,CHI,False
2001,NBA,Cleveland Cavaliers,CLE,False
2001,NBA,Dallas Mavericks,DAL,True
2001,NBA,Denver Nuggets,DEN,False
2001,NBA,Detroit Pistons,DET,False
2001,NBA,Golden State Warriors,GSW,False
2001,NBA,Houston Rockets,HOU,False
2001,NBA,Indiana Pacers,IND,True
2001,NBA,Los Angeles Clippers,LAC,False
2001,NBA,Los Angeles Lakers,LAL,True
2001,NBA,Miami Heat,MIA,True
2001,NBA,Milwaukee Bucks,MIL,True
2001,NBA,Minnesota Timberwolves,MIN,True
2001,NBA,New Jersey Nets,NJN,False
2001,NBA,New York Knicks,NYK,True
2001,NBA,Orlando Magic,ORL,True
2001,NBA,Philadelphia 76ers,PHI,True
2001,NBA,Phoenix Suns,PHO,True
2001,NBA,Portland Trail Blazers,POR,True
2001,NBA,Sacramento Kings,SAC,True
2001,NBA,San Antonio Spurs,SAS,True
2001,NBA,Seattle SuperSonics,SEA,False
2001,NBA,Toronto Raptors,TOR,True
2001,NBA,Utah Jazz,UTA,True
2001,NBA,Vancouver Grizzlies,VAN,False
2001,NBA,Washington Wizards,WAS,False
2000,NBA,Atlanta Hawks,ATL,False
2000,NBA,Boston Celtics,BOS,False
2000,NBA,Charlotte Hornets,CHH,True
2000,NBA,Chicago Bulls,CHI,False
2000,NBA,Cleveland Cavaliers,CLE,False
2000,NBA,Dallas Mavericks,DAL,False
2000,NBA,Denver Nuggets,DEN,False
2000,NBA,Detroit Pistons,DET,True
2000,NBA,Golden State Warriors,GSW,False
2000,NBA,Houston Rockets,HOU,False
2000,NBA,Indiana Pacers,IND,True
2000,NBA,Los Angeles Clippers,LAC,False
2000,NBA,Los Angeles Lakers,LAL,True
2000,NBA,Miami Heat,MIA,True
2000,NBA,Milwaukee Bucks,MIL,True
2000,NBA,Minnesota Timberwolves,MIN,True
2000,NBA,New Jersey Nets,NJN,False
2000,NBA,New York Knicks,NYK,True
2000,NBA,Orlando Magic,ORL,False
2000,NBA,Philadelphia 76ers,PHI,True
2000,NBA,Phoenix Suns,PHO,True
2000,NBA,Portland Trail Blazers,POR,True
2000,NBA,Sacramento Kings,SAC,True
2000,NBA,San Antonio Spurs,SAS,True
2000,NBA,Seattle SuperSonics,SEA,True
2000,NBA,Toronto Raptors,TOR,True
2000,NBA,Utah Jazz,UTA,True
2000,NBA,Vancouver Grizzlies,VAN,False
2000,NBA,Washington Wizards,WAS,False
1999,NBA,Atlanta Hawks,ATL,True
1999,NBA,Boston Celtics,BOS,False
1999,NBA,Charlotte Hornets,CHH,False
1999,NBA,Chicago Bulls,CHI,False
1999,NBA,Cleveland Cavaliers,CLE,False
1999,NBA,Dallas Mavericks,DAL,False
1999,NBA,Denver Nuggets,DEN,False
1999,NBA,Detroit Pistons,DET,True
1999,NBA,Golden State Warriors,GSW,False
1999,NBA,Houston Rockets,HOU,True
1999,NBA,Indiana Pacers,IND,True
1999,NBA,Los Angeles Clippers,LAC,False
1999,NBA,Los Angeles Lakers,LAL,True
1999,NBA,Miami Heat,MIA,True
1999,NBA,Milwaukee Bucks,MIL,True
1999,NBA,Minnesota Timberwolves,MIN,True
1999,NBA,New Jersey Nets,NJN,False
1999,NBA,New York Knicks,NYK,True
1999,NBA,Orlando Magic,ORL,True
1999,NBA,Philadelphia 76ers,PHI,True
1999,NBA,Phoenix Suns,PHO,True
1999,NBA,Portland Trail Blazers,POR,True
1999,NBA,Sacramento Kings,SAC,True
1999,NBA,San Antonio Spurs,SAS,True
1999,NBA,Seattle SuperSonics,SEA,False
1999,NBA,Toronto Raptors,TOR,False
1999,NBA,Utah Jazz,UTA,True
1999,NBA,Vancouver Grizzlies,VAN,False
1999,NBA,Washington Wizards,WAS,False
1998,NBA,Atlanta Hawks,ATL,True
1998,NBA,Boston Celtics,BOS,False
1998,NBA,Charlotte Hornets,CHH,True
1998,NBA,Chicago Bulls,CHI,True
1998,NBA,Cleveland Cavaliers,CLE,True
1998,NBA,Dallas Mavericks,DAL,False
1998,NBA,Denver Nuggets,DEN,False
1998,NBA,Detroit Pistons,DET,False
1998,NBA,Golden State Warriors,GSW,False
1998,NBA,Houston Rockets,HOU,True
1998,NBA,Indiana Pacers,IND,True
1998,NBA,Los Angeles Clippers,LAC,False
1998,NBA,Los Angeles Lakers,LAL,True
1998,NBA,Miami Heat,MIA,True
1998,NBA,Milwaukee Bucks,MIL,False
1998,NBA,Minnesota Timberwolves,MIN,True
1998,NBA,New Jersey Nets,NJN,True
1998,NBA,New York Knicks,NYK,True
1998,NBA,Orlando Magic,ORL,False
1998,NBA,Philadelphia 76ers,PHI,False
1998,NBA,Phoenix Suns,PHO,True
1998,NBA,Portland Trail Blazers,POR,True
1998,NBA,Sacramento Kings,SAC,False
1998,NBA,San Antonio Spurs,SAS,True
1998,NBA,Seattle SuperSonics,SEA,True
1998,NBA,Toronto Raptors,TOR,False
1998,NBA,Utah Jazz,UTA,True
1998,NBA,Vancouver Grizzlies,VAN,False
1998,NBA,Washington Wizards,WAS,False
1997,NBA,Atlanta Hawks,ATL,True
1997,NBA,Boston Celtics,BOS,False
1997,NBA,Charlotte Hornets,CHH,True
1997,NBA,Chicago Bulls,CHI,True
1997,NBA,Cleveland Cavaliers,CLE,False
1997,NBA,Dallas Mavericks,DAL,False
1997,NBA,Denver Nuggets,DEN,False
1997,NBA,Detroit Pistons,DET,True
1997,NBA,Golden State Warriors,GSW,False
1997,NBA,Houston Rockets,HOU,True
1997,NBA,Indiana Pacers,IND,False
1997,NBA,Los Angeles Clippers,LAC,True
1997,NBA,Los Angeles Lakers,LAL,True
1997,NBA,Miami Heat,MIA,True
1997,NBA,Milwaukee Bucks,MIL,False
1997,NBA,Minnesota Timberwolves,MIN,True
1997,NBA,New Jersey Nets,NJN,False
1997,NBA,New York Knicks,NYK,True
1997,NBA,Orlando Magic,ORL,True
1997,NBA,Philadelphia 76ers,PHI,False
1997,NBA,Phoenix Suns,PHO,True
1997,NBA,Portland Trail Blazers,POR,True
1997,NBA,Sacramento Kings,SAC,False
1997,NBA,San Antonio Spurs,SAS,False
1997,NBA,Seattle SuperSonics,SEA,True
1997,NBA,Toronto Raptors,TOR,False
1997,NBA,Utah Jazz,UTA,True
1997,NBA,Vancouver Grizzlies,VAN,False
1997,NBA,Washington Bullets,WSB,True
1996,NBA,Atlanta Hawks,ATL,True
1996,NBA,Boston Celtics,BOS,False
1996,NBA,Charlotte Hornets,CHH,False
1996,NBA,Chicago Bulls,CHI,True
1996,NBA,Cleveland Cavaliers,CLE,True
1996,NBA,Dallas Mavericks,DAL,False
1996,NBA,Denver Nuggets,DEN,False
1996,NBA,Detroit Pistons,DET,True
1996,NBA,Golden State Warriors,GSW,False
1996,NBA,Houston Rockets,HOU,True
1996,NBA,Indiana Pacers,IND,True
1996,NBA,Los Angeles Clippers,LAC,False
1996,NBA,Los Angeles Lakers,LAL,True
1996,NBA,Miami Heat,MIA,True
1996,NBA,Milwaukee Bucks,MIL,False
1996,NBA,Minnesota Timberwolves,MIN,False
1996,NBA,New Jersey Nets,NJN,False
1996,NBA,New York Knicks,NYK,True
1996,NBA,Orlando Magic,ORL,True
1996,NBA,Philadelphia 76ers,PHI,False
1996,NBA,Phoenix Suns,PHO,True
1996,NBA,Portland Trail Blazers,POR,True
1996,NBA,Sacramento Kings,SAC,True
1996,NBA,San Antonio Spurs,SAS,True
1996,NBA,Seattle SuperSonics,SEA,True
1996,NBA,Toronto Raptors,TOR,False
1996,NBA,Utah Jazz,UTA,True
1996,NBA,Vancouver Grizzlies,VAN,False
1996,NBA,Washington Bullets,WSB,False
1995,NBA,Atlanta Hawks,ATL,True
1995,NBA,Boston Celtics,BOS,True
1995,NBA,Charlotte Hornets,CHH,True
1995,NBA,Chicago Bulls,CHI,True
1995,NBA,Cleveland Cavaliers,CLE,True
1995,NBA,Dallas Mavericks,DAL,False
1995,NBA,Denver Nuggets,DEN,True
1995,NBA,Detroit Pistons,DET,False
1995,NBA,Golden State Warriors,GSW,False
1995,NBA,Houston Rockets,HOU,True
1995,NBA,Indiana Pacers,IND,True
1995,NBA,Los Angeles Clippers,LAC,False
1995,NBA,Los Angeles Lakers,LAL,True
1995,NBA,Miami Heat,MIA,False
1995,NBA,Milwaukee Bucks,MIL,False
1995,NBA,Minnesota Timberwolves,MIN,False
1995,NBA,New Jersey Nets,NJN,False
1995,NBA,New York Knicks,NYK,True
1995,NBA,Orlando Magic,ORL,True
1995,NBA,Philadelphia 76ers,PHI,False
1995,NBA,Phoenix Suns,PHO,True
1995,NBA,Portland Trail Blazers,POR,True
1995,NBA,Sacramento Kings,SAC,False
1995,NBA,San Antonio Spurs,SAS,True
1995,NBA,Seattle SuperSonics,SEA,True
1995,NBA,Utah Jazz,UTA,True
1995,NBA,Washington Bullets,WSB,False
1994,NBA,Atlanta Hawks,ATL,True
1994,NBA,Boston Celtics,BOS,False
1994,NBA,Charlotte Hornets,CHH,False
1994,NBA,Chicago Bulls,CHI,True
1994,NBA,Cleveland Cavaliers,CLE,True
1994,NBA,Dallas Mavericks,DAL,False
1994,NBA,Denver Nuggets,DEN,True
1994,NBA,Detroit Pistons,DET,False
1994,NBA,Golden State Warriors,GSW,True
1994,NBA,Houston Rockets,HOU,True
1994,NBA,Indiana Pacers,IND,True
1994,NBA,Los Angeles Clippers,LAC,False
1994,NBA,Los Angeles Lakers,LAL,False
1994,NBA,Miami Heat,MIA,True
1994,NBA,Milwaukee Bucks,MIL,False
1994,NBA,Minnesota Timberwolves,MIN,False
1994,NBA,New Jersey Nets,NJN,True
1994,NBA,New York Knicks,NYK,True
1994,NBA,Orlando Magic,ORL,True
1994,NBA,Philadelphia 76ers,PHI,False
1994,NBA,Phoenix Suns,PHO,True
1994,NBA,Portland Trail Blazers,POR,True
1994,NBA,Sacramento Kings,SAC,False
1994,NBA,San Antonio Spurs,SAS,True
1994,NBA,Seattle SuperSonics,SEA,True
1994,NBA,Utah Jazz,UTA,True
1994,NBA,Washington Bullets,WSB,False
1993,NBA,Atlanta Hawks,ATL,True
1993,NBA,Boston Celtics,BOS,True
1993,NBA,Charlotte Hornets,CHH,True
1993,NBA,Chicago Bulls,CHI,True
1993,NBA,Cleveland Cavaliers,CLE,True
1993,NBA,Dallas Mavericks,DAL,False
1993,NBA,Denver Nuggets,DEN,False
1993,NBA,Detroit Pistons,DET,False
1993,NBA,Golden State Warriors,GSW,False
1993,NBA,Houston Rockets,HOU,True
1993,NBA,Indiana Pacers,IND,True
1993,NBA,Los Angeles Clippers,LAC,True
1993,NBA,Los Angeles Lakers,LAL,True
1993,NBA,Miami Heat,MIA,False
1993,NBA,Milwaukee Bucks,MIL,False
1993,NBA,Minnesota Timberwolves,MIN,False
1993,NBA,New Jersey Nets,NJN,True
1993,NBA,New York Knicks,NYK,True
1993,NBA,Orlando Magic,ORL,False
1993,NBA,Philadelphia 76ers,PHI,False
1993,NBA,Phoenix Suns,PHO,True
1993,NBA,Portland Trail Blazers,POR,True
1993,NBA,Sacramento Kings,SAC,False
1993,NBA,San Antonio Spurs,SAS,True
1993,NBA,Seattle SuperSonics,SEA,True
1993,NBA,Utah Jazz,UTA,True
1993,NBA,Washington Bullets,WSB,False
1992,NBA,Atlanta Hawks,ATL,False
1992,NBA,Boston Celtics,BOS,True
1992,NBA,Charlotte Hornets,CHH,False
1992,NBA,Chicago Bulls,CHI,True
1992,NBA,Cleveland Cavaliers,CLE,True
1992,NBA,Dallas Mavericks,DAL,False
1992,NBA,Denver Nuggets,DEN,False
1992,NBA,Detroit Pistons,DET,True
1992,NBA,Golden State Warriors,GSW,True
1992,NBA,Houston Rockets,HOU,False
1992,NBA,Indiana Pacers,IND,True
1992,NBA,Los Angeles Clippers,LAC,True
1992,NBA,Los Angeles Lakers,LAL,True
1992,NBA,Miami Heat,MIA,True
1992,NBA,Milwaukee Bucks,MIL,False
1992,NBA,Minnesota Timberwolves,MIN,False
1992,NBA,New Jersey Nets,NJN,True
1992,NBA,New York Knicks,NYK,True
1992,NBA,Orlando Magic,ORL,False
1992,NBA,Philadelphia 76ers,PHI,False
1992,NBA,Phoenix Suns,PHO,True
1992,NBA,Portland Trail Blazers,POR,True
1992,NBA,Sacramento Kings,SAC,False
1992,NBA,San Antonio Spurs,SAS,True
1992,NBA,Seattle SuperSonics,SEA,True
1992,NBA,Utah Jazz,UTA,True
1992,NBA,Washington Bullets,WSB,False
1991,NBA,Atlanta Hawks,ATL,True
1991,NBA,Boston Celtics,BOS,True
1991,NBA,Charlotte Hornets,CHH,False
1991,NBA,Chicago Bulls,CHI,True
1991,NBA,Cleveland Cavaliers,CLE,False
1991,NBA,Dallas Mavericks,DAL,False
1991,NBA,Denver Nuggets,DEN,False
1991,NBA,Detroit Pistons,DET,True
1991,NBA,Golden State Warriors,GSW,True
1991,NBA,Houston Rockets,HOU,True
1991,NBA,Indiana Pacers,IND,True
1991,NBA,Los Angeles Clippers,LAC,False
1991,NBA,Los Angeles Lakers,LAL,True
1991,NBA,Miami Heat,MIA,False
1991,NBA,Milwaukee Bucks,MIL,True
1991,NBA,Minnesota Timberwolves,MIN,False
1991,NBA,New Jersey Nets,NJN,False
1991,NBA,New York Knicks,NYK,True
1991,NBA,Orlando Magic,ORL,False
1991,NBA,Philadelphia 76ers,PHI,True
1991,NBA,Phoenix Suns,PHO,True
1991,NBA,Portland Trail Blazers,POR,True
1991,NBA,Sacramento Kings,SAC,False
1991,NBA,San Antonio Spurs,SAS,True
1991,NBA,Seattle SuperSonics,SEA,True
1991,NBA,Utah Jazz,UTA,True
1991,NBA,Washington Bullets,WSB,False
1990,NBA,Atlanta Hawks,ATL,False
1990,NBA,Boston Celtics,BOS,True
1990,NBA,Charlotte Hornets,CHH,False
1990,NBA,Chicago Bulls,CHI,True
1990,NBA,Cleveland Cavaliers,CLE,True
1990,NBA,Dallas Mavericks,DAL,True
1990,NBA,Denver Nuggets,DEN,True
1990,NBA,Detroit Pistons,DET,True
1990,NBA,Golden State Warriors,GSW,False
1990,NBA,Houston Rockets,HOU,True
1990,NBA,Indiana Pacers,IND,True
1990,NBA,Los Angeles Clippers,LAC,False
1990,NBA,Los Angeles Lakers,LAL,True
1990,NBA,Miami Heat,MIA,False
1990,NBA,Milwaukee Bucks,MIL,True
1990,NBA,Minnesota Timberwolves,MIN,False
1990,NBA,New Jersey Nets,NJN,False
1990,NBA,New York Knicks,NYK,True
1990,NBA,Orlando Magic,ORL,False
1990,NBA,Philadelphia 76ers,PHI,True
1990,NBA,Phoenix Suns,PHO,True
1990,NBA,Portland Trail Blazers,POR,True
1990,NBA,Sacramento Kings,SAC,False
1990,NBA,San Antonio Spurs,SAS,True
1990,NBA,Seattle SuperSonics,SEA,False
1990,NBA,Utah Jazz,UTA,True
1990,NBA,Washington Bullets,WSB,False
1989,NBA,Atlanta Hawks,ATL,True
1989,NBA,Boston Celtics,BOS,True
1989,NBA,Charlotte Hornets,CHH,False
1989,NBA,Chicago Bulls,CHI,True
1989,NBA,Cleveland Cavaliers,CLE,True
1989,NBA,Dallas Mavericks,DAL,False
1989,NBA,Denver Nuggets,DEN,True
1989,NBA,Detroit Pistons,DET,True
1989,NBA,Golden State Warriors,GSW,True
1989,NBA,Houston Rockets,HOU,True
1989,NBA,Indiana Pacers,IND,False
1989,NBA,Los Angeles Clippers,LAC,False
1989,NBA,Los Angeles Lakers,LAL,True
1989,NBA,Miami Heat,MIA,False
1989,NBA,Milwaukee Bucks,MIL,True
1989,NBA,New Jersey Nets,NJN,False
1989,NBA,New York Knicks,NYK,True
1989,NBA,Philadelphia 76ers,PHI,True
1989,NBA,Phoenix Suns,PHO,True
1989,NBA,Portland Trail Blazers,POR,True
1989,NBA,Sacramento Kings,SAC,False
1989,NBA,San Antonio Spurs,SAS,False
1989,NBA,Seattle SuperSonics,SEA,True
1989,NBA,Utah Jazz,UTA,True
1989,NBA,Washington Bullets,WSB,False
1988,NBA,Atlanta Hawks,ATL,True
1988,NBA,Boston Celtics,BOS,True
1988,NBA,Chicago Bulls,CHI,True
1988,NBA,Cleveland Cavaliers,CLE,True
1988,NBA,Dallas Mavericks,DAL,True
1988,NBA,Denver Nuggets,DEN,True
1988,NBA,Detroit Pistons,DET,True
1988,NBA,Golden State Warriors,GSW,False
1988,NBA,Houston Rockets,HOU,True
1988,NBA,Indiana Pacers,IND,False
1988,NBA,Los Angeles Clippers,LAC,False
1988,NBA,Los Angeles Lakers,LAL,True
1988,NBA,Milwaukee Bucks,MIL,True
1988,NBA,New Jersey Nets,NJN,False
1988,NBA,New York Knicks,NYK,True
1988,NBA,Philadelphia 76ers,PHI,False
1988,NBA,Phoenix Suns,PHO,False
1988,NBA,Portland Trail Blazers,POR,True
1988,NBA,Sacramento Kings,SAC,False
1988,NBA,San Antonio Spurs,SAS,True
1988,NBA,Seattle SuperSonics,SEA,True
1988,NBA,Utah Jazz,UTA,True
1988,NBA,Washington Bullets,WSB,True
1987,NBA,Atlanta Hawks,ATL,True
1987,NBA,Boston Celtics,BOS,True
1987,NBA,Chicago Bulls,CHI,True
1987,NBA,Cleveland Cavaliers,CLE,False
1987,NBA,Dallas Mavericks,DAL,True
1987,NBA,Denver Nuggets,DEN,True
1987,NBA,Detroit Pistons,DET,True
1987,NBA,Golden State Warriors,GSW,True
1987,NBA,Houston Rockets,HOU,True
1987,NBA,Indiana Pacers,IND,True
1987,NBA,Los Angeles Clippers,LAC,False
1987,NBA,Los Angeles Lakers,LAL,True
1987,NBA,Milwaukee Bucks,MIL,True
1987,NBA,New Jersey Nets,NJN,False
1987,NBA,New York Knicks,NYK,False
1987,NBA,Philadelphia 76ers,PHI,True
1987,NBA,Phoenix Suns,PHO,False
1987,NBA,Portland Trail Blazers,POR,True
1987,NBA,Sacramento Kings,SAC,False
1987,NBA,San Antonio Spurs,SAS,False
1987,NBA,Seattle SuperSonics,SEA,True
1987,NBA,Utah Jazz,UTA,True
1987,NBA,Washington Bullets,WSB,True
1986,NBA,Atlanta Hawks,ATL,True
1986,NBA,Boston Celtics,BOS,True
1986,NBA,Chicago Bulls,CHI,True
1986,NBA,Cleveland Cavaliers,CLE,False
1986,NBA,Dallas Mavericks,DAL,True
1986,NBA,Denver Nuggets,DEN,True
1986,NBA,Detroit Pistons,DET,True
1986,NBA,Golden State Warriors,GSW,False
1986,NBA,Houston Rockets,HOU,True
1986,NBA,Indiana Pacers,IND,False
1986,NBA,Los Angeles Clippers,LAC,False
1986,NBA,Los Angeles Lakers,LAL,True
1986,NBA,Milwaukee Bucks,MIL,True
1986,NBA,New Jersey Nets,NJN,True
1986,NBA,New York Knicks,NYK,False
1986,NBA,Philadelphia 76ers,PHI,True
1986,NBA,Phoenix Suns,PHO,False
1986,NBA,Portland Trail Blazers,POR,True
1986,NBA,Sacramento Kings,SAC,True
1986,NBA,San Antonio Spurs,SAS,True
1986,NBA,Seattle SuperSonics,SEA,False
1986,NBA,Utah Jazz,UTA,True
1986,NBA,Washington Bullets,WSB,True
1985,NBA,Atlanta Hawks,ATL,False
1985,NBA,Boston Celtics,BOS,True
1985,NBA,Chicago Bulls,CHI,True
1985,NBA,Cleveland Cavaliers,CLE,True
1985,NBA,Dallas Mavericks,DAL,True
1985,NBA,Denver Nuggets,DEN,True
1985,NBA,Detroit Pistons,DET,True
1985,NBA,Golden State Warriors,GSW,False
1985,NBA,Houston Rockets,HOU,True
1985,NBA,Indiana Pacers,IND,False
1985,NBA,Kansas City Kings,KCK,False
1985,NBA,Los Angeles Clippers,LAC,False
1985,NBA,Los Angeles Lakers,LAL,True
1985,NBA,Milwaukee Bucks,MIL,True
1985,NBA,New Jersey Nets,NJN,True
1985,NBA,New York Knicks,NYK,False
1985,NBA,Philadelphia 76ers,PHI,True
1985,NBA,Phoenix Suns,PHO,True
1985,NBA,Portland Trail Blazers,POR,True
1985,NBA,San Antonio Spurs,SAS,True
1985,NBA,Seattle SuperSonics,SEA,False
1985,NBA,Utah Jazz,UTA,True
1985,NBA,Washington Bullets,WSB,True
1984,NBA,Atlanta Hawks,ATL,True
1984,NBA,Boston Celtics,BOS,True
1984,NBA,Chicago Bulls,CHI,False
1984,NBA,Cleveland Cavaliers,CLE,False
1984,NBA,Dallas Mavericks,DAL,True
1984,NBA,Denver Nuggets,DEN,True
1984,NBA,Detroit Pistons,DET,True
1984,NBA,Golden State Warriors,GSW,False
1984,NBA,Houston Rockets,HOU,False
1984,NBA,Indiana Pacers,IND,False
1984,NBA,Kansas City Kings,KCK,True
1984,NBA,Los Angeles Lakers,LAL,True
1984,NBA,Milwaukee Bucks,MIL,True
1984,NBA,New Jersey Nets,NJN,True
1984,NBA,New York Knicks,NYK,True
1984,NBA,Philadelphia 76ers,PHI,True
1984,NBA,Phoenix Suns,PHO,True
1984,NBA,Portland Trail Blazers,POR,True
1984,NBA,San Antonio Spurs,SAS,False
1984,NBA,San Diego Clippers,SDC,False
1984,NBA,Seattle SuperSonics,SEA,True
1984,NBA,Utah Jazz,UTA,True
1984,NBA,Washington Bullets,WSB,True
1983,NBA,Atlanta Hawks,ATL,True
1983,NBA,Boston Celtics,BOS,True
1983,NBA,Chicago Bulls,CHI,False
1983,NBA,Cleveland Cavaliers,CLE,False
1983,NBA,Dallas Mavericks,DAL,False
1983,NBA,Denver Nuggets,DEN,True
1983,NBA,Detroit Pistons,DET,False
1983,NBA,Golden State Warriors,GSW,False
1983,NBA,Houston Rockets,HOU,False
1983,NBA,Indiana Pacers,IND,False
1983,NBA,Kansas City Kings,KCK,False
1983,NBA,Los Angeles Lakers,LAL,True
1983,NBA,Milwaukee Bucks,MIL,True
1983,NBA,New Jersey Nets,NJN,True
1983,NBA,New York Knicks,NYK,True
1983,NBA,Philadelphia 76ers,PHI,True
1983,NBA,Phoenix Suns,PHO,True
1983,NBA,Portland Trail Blazers,POR,True
1983,NBA,San Antonio Spurs,SAS,True
1983,NBA,San Diego Clippers,SDC,False
1983,NBA,Seattle SuperSonics,SEA,True
1983,NBA,Utah Jazz,UTA,False
1983,NBA,Washington Bullets,WSB,False
1982,NBA,Atlanta Hawks,ATL,True
1982,NBA,Boston Celtics,BOS,True
1982,NBA,Chicago Bulls,CHI,False
1982,NBA,Cleveland Cavaliers,CLE,False
1982,NBA,Dallas Mavericks,DAL,False
1982,NBA,Denver Nuggets,DEN,True
1982,NBA,Detroit Pistons,DET,False
1982,NBA,Golden State Warriors,GSW,False
1982,NBA,Houston Rockets,HOU,True
1982,NBA,Indiana Pacers,IND,False
1982,NBA,Kansas City Kings,KCK,False
1982,NBA,Los Angeles Lakers,LAL,True
1982,NBA,Milwaukee Bucks,MIL,True
1982,NBA,New Jersey Nets,NJN,True
1982,NBA,New York Knicks,NYK,False
1982,NBA,Philadelphia 76ers,PHI,True
1982,NBA,Phoenix Suns,PHO,True
1982,NBA,Portland Trail Blazers,POR,False
1982,NBA,San Antonio Spurs,SAS,True
1982,NBA,San Diego Clippers,SDC,False
1982,NBA,Seattle SuperSonics,SEA,True
1982,NBA,Utah Jazz,UTA,False
1982,NBA,Washington Bullets,WSB,True
1981,NBA,Atlanta Hawks,ATL,False
1981,NBA,Boston Celtics,BOS,True
1981,NBA,Chicago Bulls,CHI,True
1981,NBA,Cleveland Cavaliers,CLE,False
1981,NBA,Dallas Mavericks,DAL,False
1981,NBA,Denver Nuggets,DEN,False
1981,NBA,Detroit Pistons,DET,False
1981,NBA,Golden State Warriors,GSW,False
1981,NBA,Houston Rockets,HOU,True
1981,NBA,Indiana Pacers,IND,True
1981,NBA,Kansas City Kings,KCK,True
1981,NBA,Los Angeles Lakers,LAL,True
1981,NBA,Milwaukee Bucks,MIL,True
1981,NBA,New Jersey Nets,NJN,False
1981,NBA,New York Knicks,NYK,True
1981,NBA,Philadelphia 76ers,PHI,True
1981,NBA,Phoenix Suns,PHO,True
1981,NBA,Portland Trail Blazers,POR,True
1981,NBA,San Antonio Spurs,SAS,True
1981,NBA,San Diego Clippers,SDC,False
1981,NBA,Seattle SuperSonics,SEA,False
1981,NBA,Utah Jazz,UTA,False
1981,NBA,Washington Bullets,WSB,False
1980,NBA,Atlanta Hawks,ATL,True
1980,NBA,Boston Celtics,BOS,True
1980,NBA,Chicago Bulls,CHI,False
1980,NBA,Cleveland Cavaliers,CLE,False
1980,NBA,Denver Nuggets,DEN,False
1980,NBA,Detroit Pistons,DET,False
1980,NBA,Golden State Warriors,GSW,False
1980,NBA,Houston Rockets,HOU,True
1980,NBA,Indiana Pacers,IND,False
1980,NBA,Kansas City Kings,KCK,True
1980,NBA,Los Angeles Lakers,LAL,True
1980,NBA,Milwaukee Bucks,MIL,True
1980,NBA,New Jersey Nets,NJN,False
1980,NBA,New York Knicks,NYK,False
1980,NBA,Philadelphia 76ers,PHI,True
1980,NBA,Phoenix Suns,PHO,True
1980,NBA,Portland Trail Blazers,POR,True
1980,NBA,San Antonio Spurs,SAS,True
1980,NBA,San Diego Clippers,SDC,False
1980,NBA,Seattle SuperSonics,SEA,True
1980,NBA,Utah Jazz,UTA,False
1980,NBA,Washington Bullets,WSB,True
1979,NBA,Atlanta Hawks,ATL,True
1979,NBA,Boston Celtics,BOS,False
1979,NBA,Chicago Bulls,CHI,False
1979,NBA,Cleveland Cavaliers,CLE,False
1979,NBA,Denver Nuggets,DEN,True
1979,NBA,Detroit Pistons,DET,False
1979,NBA,Golden State Warriors,GSW,False
1979,NBA,Houston Rockets,HOU,True
1979,NBA,Indiana Pacers,IND,False
1979,NBA,Kansas City Kings,KCK,True
1979,NBA,Los Angeles Lakers,LAL,True
1979,NBA,Milwaukee Bucks,MIL,False
1979,NBA,New Jersey Nets,NJN,True
1979,NBA,New Orleans Jazz,NOJ,False
1979,NBA,New York Knicks,NYK,False
1979,NBA,Philadelphia 76ers,PHI,True
1979,NBA,Phoenix Suns,PHO,True
1979,NBA,Portland Trail Blazers,POR,True
1979,NBA,San Antonio Spurs,SAS,True
1979,NBA,San Diego Clippers,SDC,False
1979,NBA,Seattle SuperSonics,SEA,True
1979,NBA,Washington Bullets,WSB,True
1978,NBA,Atlanta Hawks,ATL,True
1978,NBA,Boston Celtics,BOS,False
1978,NBA,Buffalo Braves,BUF,False
1978,NBA,Chicago Bulls,CHI,False
1978,NBA,Cleveland Cavaliers,CLE,True
1978,NBA,Denver Nuggets,DEN,True
1978,NBA,Detroit Pistons,DET,False
1978,NBA,Golden State Warriors,GSW,False
1978,NBA,Houston Rockets,HOU,False
1978,NBA,Indiana Pacers,IND,False
1978,NBA,Kansas City Kings,KCK,False
1978,NBA,Los Angeles Lakers,LAL,True
1978,NBA,Milwaukee Bucks,MIL,True
1978,NBA,New Jersey Nets,NJN,False
1978,NBA,New Orleans Jazz,NOJ,False
1978,NBA,New York Knicks,NYK,True
1978,NBA,Philadelphia 76ers,PHI,True
1978,NBA,Phoenix Suns,PHO,True
1978,NBA,Portland Trail Blazers,POR,True
1978,NBA,San Antonio Spurs,SAS,True
1978,NBA,Seattle SuperSonics,SEA,True
1978,NBA,Washington Bullets,WSB,True
1977,NBA,Atlanta Hawks,ATL,False
1977,NBA,Boston Celtics,BOS,True
1977,NBA,Buffalo Braves,BUF,False
1977,NBA,Chicago Bulls,CHI,True
1977,NBA,Cleveland Cavaliers,CLE,True
1977,NBA,Denver Nuggets,DEN,True
1977,NBA,Detroit Pistons,DET,True
1977,NBA,Golden State Warriors,GSW,True
1977,NBA,Houston Rockets,HOU,True
1977,NBA,Indiana Pacers,IND,False
1977,NBA,Kansas City Kings,KCK,False
1977,NBA,Los Angeles Lakers,LAL,True
1977,NBA,Milwaukee Bucks,MIL,False
1977,NBA,New Orleans Jazz,NOJ,False
1977,NBA,New York Knicks,NYK,False
1977,NBA,New York Nets,NYN,False
1977,NBA,Philadelphia 76ers,PHI,True
1977,NBA,Phoenix Suns,PHO,False
1977,NBA,Portland Trail Blazers,POR,True
1977,NBA,San Antonio Spurs,SAS,True
1977,NBA,Seattle SuperSonics,SEA,False
1977,NBA,Washington Bullets,WSB,True
1976,ABA,Denver Nuggets,DNA,True
1976,ABA,Indiana Pacers,INA,True
1976,ABA,Kentucky Colonels,KEN,True
1976,ABA,New York Nets,NYA,True
1976,ABA,San Antonio Spurs,SAA,True
1976,ABA,San Diego Sails,SDS,False
1976,ABA,Spirits of St. Louis,SSL,False
1976,ABA,Utah Stars,UTS,False
1976,ABA,Virginia Squires,VIR,False
1976,NBA,Atlanta Hawks,ATL,False
1976,NBA,Boston Celtics,BOS,True
1976,NBA,Buffalo Braves,BUF,True
1976,NBA,Chicago Bulls,CHI,False
1976,NBA,Cleveland Cavaliers,CLE,True
1976,NBA,Detroit Pistons,DET,True
1976,NBA,Golden State Warriors,GSW,True
1976,NBA,Houston Rockets,HOU,False
1976,NBA,Kansas City Kings,KCK,False
1976,NBA,Los Angeles Lakers,LAL,False
1976,NBA,Milwaukee Bucks,MIL,True
1976,NBA,New Orleans Jazz,NOJ,False
1976,NBA,New York Knicks,NYK,False
1976,NBA,Philadelphia 76ers,PHI,True
1976,NBA,Phoenix Suns,PHO,True
1976,NBA,Portland Trail Blazers,POR,False
1976,NBA,Seattle SuperSonics,SEA,True
1976,NBA,Washington Bullets,WSB,True
1975,ABA,Denver Nuggets,DNA,True
1975,ABA,Indiana Pacers,INA,True
1975,ABA,Kentucky Colonels,KEN,True
1975,ABA,Memphis Sounds,MMS,True
1975,ABA,New York Nets,NYA,True
1975,ABA,San Antonio Spurs,SAA,True
1975,ABA,San Diego Conquistadors,SDA,False
1975,ABA,Spirits of St. Louis,SSL,True
1975,ABA,Utah Stars,UTS,True
1975,ABA,Virginia Squires,VIR,False
1975,NBA,Atlanta Hawks,ATL,False
1975,NBA,Boston Celtics,BOS,True
1975,NBA,Buffalo Braves,BUF,True
1975,NBA,Chicago Bulls,CHI,True
1975,NBA,Cleveland Cavaliers,CLE,False
1975,NBA,Detroit Pistons,DET,True
1975,NBA,Golden State Warriors,GSW,True
1975,NBA,Houston Rockets,HOU,True
1975,NBA,Kansas City-Omaha Kings,KCO,True
1975,NBA,Los Angeles Lakers,LAL,False
1975,NBA,Milwaukee Bucks,MIL,False
1975,NBA,New Orleans Jazz,NOJ,False
1975,NBA,New York Knicks,NYK,True
1975,NBA,Philadelphia 76ers,PHI,False
1975,NBA,Phoenix Suns,PHO,False
1975,NBA,Portland Trail Blazers,POR,False
1975,NBA,Seattle SuperSonics,SEA,True
1975,NBA,Washington Bullets,WSB,True
1974,ABA,Carolina Cougars,CAR,True
1974,ABA,Denver Rockets,DNR,True
1974,ABA,Indiana Pacers,INA,True
1974,ABA,Kentucky Colonels,KEN,True
1974,ABA,Memphis Tams,MMT,False
1974,ABA,New York Nets,NYA,True
1974,ABA,San Antonio Spurs,SAA,True
1974,ABA,San Diego Conquistadors,SDA,True
1974,ABA,Utah Stars,UTS,True
1974,ABA,Virginia Squires,VIR,True
1974,NBA,Atlanta Hawks,ATL,False
1974,NBA,Boston Celtics,BOS,True
1974,NBA,Buffalo Braves,BUF,True
1974,NBA,Capital Bullets,CAP,True
1974,NBA,Chicago Bulls,CHI,True
1974,NBA,Cleveland Cavaliers,CLE,False
1974,NBA,Detroit Pistons,DET,True
1974,NBA,Golden State Warriors,GSW,False
1974,NBA,Houston Rockets,HOU,False
1974,NBA,Kansas City-Omaha Kings,KCO,False
1974,NBA,Los Angeles Lakers,LAL,True
1974,NBA,Milwaukee Bucks,MIL,True
1974,NBA,New York Knicks,NYK,True
1974,NBA,Philadelphia 76ers,PHI,False
1974,NBA,Phoenix Suns,PHO,False
1974,NBA,Portland Trail Blazers,POR,False
1974,NBA,Seattle SuperSonics,SEA,False
1973,ABA,Carolina Cougars,CAR,True
1973,ABA,Dallas Chaparrals,DLC,False
1973,ABA,Denver Rockets,DNR,True
1973,ABA,Indiana Pacers,INA,True
1973,ABA,Kentucky Colonels,KEN,True
1973,ABA,Memphis Tams,MMT,False
1973,ABA,New York Nets,NYA,True
1973,ABA,San Diego Conquistadors,SDA,True
1973,ABA,Utah Stars,UTS,True
1973,ABA,Virginia Squires,VIR,True
1973,NBA,Atlanta Hawks,ATL,True
1973,NBA,Baltimore Bullets,BAL,True
1973,NBA,Boston Celtics,BOS,True
1973,NBA,Buffalo Braves,BUF,False
1973,NBA,Chicago Bulls,CHI,True
1973,NBA,Cleveland Cavaliers,CLE,False
1973,NBA,Detroit Pistons,DET,False
1973,NBA,Golden State Warriors,GSW,True
1973,NBA,Houston Rockets,HOU,False
1973,NBA,Kansas City-Omaha Kings,KCO,False
1973,NBA,Los Angeles Lakers,LAL,True
1973,NBA,Milwaukee Bucks,MIL,True
1973,NBA,New York Knicks,NYK,True
1973,NBA,Philadelphia 76ers,PHI,False
1973,NBA,Phoenix Suns,PHO,False
1973,NBA,Portland Trail Blazers,POR,False
1973,NBA,Seattle SuperSonics,SEA,False
1972,ABA,Carolina Cougars,CAR,False
1972,ABA,Dallas Chaparrals,DLC,True
1972,ABA,Denver Rockets,DNR,True
1972,ABA,The Floridians,FLO,True
1972,ABA,Indiana Pacers,INA,True
1972,ABA,Kentucky Colonels,KEN,True
1972,ABA,Memphis Pros,MMP,False
1972,ABA,New York Nets,NYA,True
1972,ABA,Pittsburgh Condors,PTC,False
1972,ABA,Utah Stars,UTS,True
1972,ABA,Virginia Squires,VIR,True
1972,NBA,Atlanta Hawks,ATL,True
1972,NBA,Baltimore Bullets,BAL,True
1972,NBA,Boston Celtics,BOS,True
1972,NBA,Buffalo Braves,BUF,False
1972,NBA,Chicago Bulls,CHI,True
1972,NBA,Cincinnati Royals,CIN,False
1972,NBA,Cleveland Cavaliers,CLE,False
1972,NBA,Detroit Pistons,DET,False
1972,NBA,Golden State Warriors,GSW,True
1972,NBA,Houston Rockets,HOU,False
1972,NBA,Los Angeles Lakers,LAL,True
1972,NBA,Milwaukee Bucks,MIL,True
1972,NBA,New York Knicks,NYK,True
1972,NBA,Philadelphia 76ers,PHI,False
1972,NBA,Phoenix Suns,PHO,False
1972,NBA,Portland Trail Blazers,POR,False
1972,NBA,Seattle SuperSonics,SEA,False
1971,ABA,Carolina Cougars,CAR,False
1971,ABA,Denver Rockets,DNR,True
1971,ABA,The Floridians,FLO,True
1971,ABA,Indiana Pacers,INA,True
1971,ABA,Kentucky Colonels,KEN,True
1971,ABA,Memphis Pros,MMP,True
1971,ABA,New York Nets,NYA,True
1971,ABA,Pittsburgh Condors,PTC,False
1971,ABA,Texas Chaparrals,TEX,True
1971,ABA,Utah Stars,UTS,True
1971,ABA,Virginia Squires,VIR,True
1971,NBA,Atlanta Hawks,ATL,True
1971,NBA,Baltimore Bullets,BAL,True
1971,NBA,Boston Celtics,BOS,False
1971,NBA,Buffalo Braves,BUF,False
1971,NBA,Chicago Bulls,CHI,True
1971,NBA,Cincinnati Royals,CIN,False
1971,NBA,Cleveland Cavaliers,CLE,False
1971,NBA,Detroit Pistons,DET,False
1971,NBA,Los Angeles Lakers,LAL,True
1971,NBA,Milwaukee Bucks,MIL,True
1971,NBA,New York Knicks,NYK,True
1971,NBA,Philadelphia 76ers,PHI,True
1971,NBA,Phoenix Suns,PHO,False
1971,NBA,Portland Trail Blazers,POR,False
1971,NBA,San Diego Rockets,SDR,False
1971,NBA,Seattle SuperSonics,SEA,False
1971,NBA,San Francisco Warriors,SFW,True
1970,ABA,Carolina Cougars,CAR,True
1970,ABA,Dallas Chaparrals,DLC,True
1970,ABA,Denver Rockets,DNR,True
1970,ABA,Indiana Pacers,INA,True
1970,ABA,Kentucky Colonels,KEN,True
1970,ABA,Los Angeles Stars,LAS,True
1970,ABA,Miami Floridians,MMF,False
1970,ABA,New Orleans Buccaneers,NOB,False
1970,ABA,New York Nets,NYA,True
1970,ABA,Pittsburgh Pipers,PTP,False
1970,ABA,Washington Capitols,WSA,True
1970,NBA,Atlanta Hawks,ATL,True
1970,NBA,Baltimore Bullets,BAL,True
1970,NBA,Boston Celtics,BOS,False
1970,NBA,Chicago Bulls,CHI,True
1970,NBA,Cincinnati Royals,CIN,False
1970,NBA,Detroit Pistons,DET,False
1970,NBA,Los Angeles Lakers,LAL,True
1970,NBA,Milwaukee Bucks,MIL,True
1970,NBA,New York Knicks,NYK,True
1970,NBA,Philadelphia 76ers,PHI,True
1970,NBA,Phoenix Suns,PHO,True
1970,NBA,San Diego Rockets,SDR,False
1970,NBA,Seattle SuperSonics,SEA,False
1970,NBA,San Francisco Warriors,SFW,False
1969,ABA,Dallas Chaparrals,DLC,True
1969,ABA,Denver Rockets,DNR,True
1969,ABA,Houston Mavericks,HSM,False
1969,ABA,Indiana Pacers,INA,True
1969,ABA,Kentucky Colonels,KEN,True
1969,ABA,Los Angeles Stars,LAS,False
1969,ABA,Miami Floridians,MMF,True
1969,ABA,Minnesota Pipers,MNP,True
1969,ABA,New Orleans Buccaneers,NOB,True
1969,ABA,New York Nets,NYA,False
1969,ABA,Oakland Oaks,OAK,True
1969,NBA,Atlanta Hawks,ATL,True
1969,NBA,Baltimore Bullets,BAL,True
1969,NBA,Boston Celtics,BOS,True
1969,NBA,Chicago Bulls,CHI,False
1969,NBA,Cincinnati Royals,CIN,False
1969,NBA,Detroit Pistons,DET,False
1969,NBA,Los Angeles Lakers,LAL,True
1969,NBA,Milwaukee Bucks,MIL,False
1969,NBA,New York Knicks,NYK,True
1969,NBA,Philadelphia 76ers,PHI,True
1969,NBA,Phoenix Suns,PHO,False
1969,NBA,San Diego Rockets,SDR,True
1969,NBA,Seattle SuperSonics,SEA,False
1969,NBA,San Francisco Warriors,SFW,True
1968,ABA,Anaheim Amigos,ANA,False
1968,ABA,Dallas Chaparrals,DLC,True
1968,ABA,Denver Rockets,DNR,True
1968,ABA,Houston Mavericks,HSM,True
1968,ABA,Indiana Pacers,INA,True
1968,ABA,Kentucky Colonels,KEN,True
1968,ABA,Minnesota Muskies,MNM,True
1968,ABA,New Jersey Americans,NJA,False
1968,ABA,New Orleans Buccaneers,NOB,True
1968,ABA,Oakland Oaks,OAK,False
1968,ABA,Pittsburgh Pipers,PTP,True
1968,NBA,Baltimore Bullets,BAL,False
1968,NBA,Boston Celtics,BOS,True
1968,NBA,Chicago Bulls,CHI,True
1968,NBA,Cincinnati Royals,CIN,False
1968,NBA,Detroit Pistons,DET,True
1968,NBA,Los Angeles Lakers,LAL,True
1968,NBA,New York Knicks,NYK,True
1968,NBA,Philadelphia 76ers,PHI,True
1968,NBA,San Diego Rockets,SDR,False
1968,NBA,Seattle SuperSonics,SEA,False
1968,NBA,San Francisco Warriors,SFW,True
1968,NBA,St. Louis Hawks,STL,True
1967,NBA,Baltimore Bullets,BAL,False
1967,NBA,Boston Celtics,BOS,True
1967,NBA,Chicago Bulls,CHI,True
1967,NBA,Cincinnati Royals,CIN,True
1967,NBA,Detroit Pistons,DET,False
1967,NBA,Los Angeles Lakers,LAL,True
1967,NBA,New York Knicks,NYK,True
1967,NBA,Philadelphia 76ers,PHI,True
1967,NBA,San Francisco Warriors,SFW,True
1967,NBA,St. Louis Hawks,STL,True
1966,NBA,Baltimore Bullets,BAL,True
1966,NBA,Boston Celtics,BOS,True
1966,NBA,Cincinnati Royals,CIN,True
1966,NBA,Detroit Pistons,DET,False
1966,NBA,Los Angeles Lakers,LAL,True
1966,NBA,New York Knicks,NYK,False
1966,NBA,Philadelphia 76ers,PHI,True
1966,NBA,San Francisco Warriors,SFW,False
1966,NBA,St. Louis Hawks,STL,True
1965,NBA,Baltimore Bullets,BAL,True
1965,NBA,Boston Celtics,BOS,True
1965,NBA,Cincinnati Royals,CIN,True
1965,NBA,Detroit Pistons,DET,False
1965,NBA,Los Angeles Lakers,LAL,True
1965,NBA,New York Knicks,NYK,False
1965,NBA,Philadelphia 76ers,PHI,True
1965,NBA,San Francisco Warriors,SFW,False
1965,NBA,St. Louis Hawks,STL,True
1964,NBA,Baltimore Bullets,BAL,False
1964,NBA,Boston Celtics,BOS,True
1964,NBA,Cincinnati Royals,CIN,True
1964,NBA,Detroit Pistons,DET,False
1964,NBA,Los Angeles Lakers,LAL,True
1964,NBA,New York Knicks,NYK,False
1964,NBA,Philadelphia 76ers,PHI,True
1964,NBA,San Francisco Warriors,SFW,True
1964,NBA,St. Louis Hawks,STL,True
1963,NBA,Boston Celtics,BOS,True
1963,NBA,Chicago Zephyrs,CHZ,False
1963,NBA,Cincinnati Royals,CIN,True
1963,NBA,Detroit Pistons,DET,True
1963,NBA,Los Angeles Lakers,LAL,True
1963,NBA,New York Knicks,NYK,False
1963,NBA,San Francisco Warriors,SFW,False
1963,NBA,St. Louis Hawks,STL,True
1963,NBA,Syracuse Nationals,SYR,True
1962,NBA,Boston Celtics,BOS,True
1962,NBA,Chicago Packers,CHP,False
1962,NBA,Cincinnati Royals,CIN,True
1962,NBA,Detroit Pistons,DET,True
1962,NBA,Los Angeles Lakers,LAL,True
1962,NBA,New York Knicks,NYK,False
1962,NBA,Philadelphia Warriors,PHW,True
1962,NBA,St. Louis Hawks,STL,False
1962,NBA,Syracuse Nationals,SYR,True
1961,NBA,Boston Celtics,BOS,True
1961,NBA,Cincinnati Royals,CIN,False
1961,NBA,Detroit Pistons,DET,True
1961,NBA,Los Angeles Lakers,LAL,True
1961,NBA,New York Knicks,NYK,False
1961,NBA,Philadelphia Warriors,PHW,True
1961,NBA,St. Louis Hawks,STL,True
1961,NBA,Syracuse Nationals,SYR,True
1960,NBA,Boston Celtics,BOS,True
1960,NBA,Cincinnati Royals,CIN,False
1960,NBA,Detroit Pistons,DET,True
1960,NBA,Minneapolis Lakers,MNL,True
1960,NBA,New York Knicks,NYK,False
1960,NBA,Philadelphia Warriors,PHW,True
1960,NBA,St. Louis Hawks,STL,True
1960,NBA,Syracuse Nationals,SYR,True
1959,NBA,Boston Celtics,BOS,True
1959,NBA,Cincinnati Royals,CIN,False
1959,NBA,Detroit Pistons,DET,True
1959,NBA,Minneapolis Lakers,MNL,True
1959,NBA,New York Knicks,NYK,True
1959,NBA,Philadelphia Warriors,PHW,False
1959,NBA,St. Louis Hawks,STL,True
1959,NBA,Syracuse Nationals,SYR,True
1958,NBA,Boston Celtics,BOS,True
1958,NBA,Cincinnati Royals,CIN,True
1958,NBA,Detroit Pistons,DET,True
1958,NBA,Minneapolis Lakers,MNL,False
1958,NBA,New York Knicks,NYK,False
1958,NBA,Philadelphia Warriors,PHW,True
1958,NBA,St. Louis Hawks,STL,True
1958,NBA,Syracuse Nationals,SYR,True
1957,NBA,Boston Celtics,BOS,True
1957,NBA,Fort Wayne Pistons,FTW,True
1957,NBA,Minneapolis Lakers,MNL,True
1957,NBA,New York Knicks,NYK,False
1957,NBA,Philadelphia Warriors,PHW,True
1957,NBA,Rochester Royals,ROC,False
1957,NBA,St. Louis Hawks,STL,True
1957,NBA,Syracuse Nationals,SYR,True
1956,NBA,Boston Celtics,BOS,True
1956,NBA,Fort Wayne Pistons,FTW,True
1956,NBA,Minneapolis Lakers,MNL,True
1956,NBA,New York Knicks,NYK,True
1956,NBA,Philadelphia Warriors,PHW,True
1956,NBA,Rochester Royals,ROC,False
1956,NBA,St. Louis Hawks,STL,True
1956,NBA,Syracuse Nationals,SYR,True
1955,NBA,Baltimore Bullets,BLB,False
1955,NBA,Boston Celtics,BOS,True
1955,NBA,Fort Wayne Pistons,FTW,True
1955,NBA,Milwaukee Hawks,MLH,False
1955,NBA,Minneapolis Lakers,MNL,True
1955,NBA,New York Knicks,NYK,True
1955,NBA,Philadelphia Warriors,PHW,False
1955,NBA,Rochester Royals,ROC,True
1955,NBA,Syracuse Nationals,SYR,True
1954,NBA,Baltimore Bullets,BLB,False
1954,NBA,Boston Celtics,BOS,True
1954,NBA,Fort Wayne Pistons,FTW,True
1954,NBA,Milwaukee Hawks,MLH,False
1954,NBA,Minneapolis Lakers,MNL,True
1954,NBA,New York Knicks,NYK,True
1954,NBA,Philadelphia Warriors,PHW,False
1954,NBA,Rochester Royals,ROC,True
1954,NBA,Syracuse Nationals,SYR,True
1953,NBA,Baltimore Bullets,BLB,True
1953,NBA,Boston Celtics,BOS,True
1953,NBA,Fort Wayne Pistons,FTW,True
1953,NBA,Indianapolis Olympians,INO,True
1953,NBA,Milwaukee Hawks,MLH,False
1953,NBA,Minneapolis Lakers,MNL,True
1953,NBA,New York Knicks,NYK,True
1953,NBA,Philadelphia Warriors,PHW,False
1953,NBA,Rochester Royals,ROC,True
1953,NBA,Syracuse Nationals,SYR,True
1952,NBA,Baltimore Bullets,BLB,False
1952,NBA,Boston Celtics,BOS,True
1952,NBA,Fort Wayne Pistons,FTW,True
1952,NBA,Indianapolis Olympians,INO,True
1952,NBA,Milwaukee Hawks,MLH,False
1952,NBA,Minneapolis Lakers,MNL,True
1952,NBA,New York Knicks,NYK,True
1952,NBA,Philadelphia Warriors,PHW,True
1952,NBA,Rochester Royals,ROC,True
1952,NBA,Syracuse Nationals,SYR,True
1951,NBA,Baltimore Bullets,BLB,False
1951,NBA,Boston Celtics,BOS,True
1951,NBA,Fort Wayne Pistons,FTW,True
1951,NBA,Indianapolis Olympians,INO,True
1951,NBA,Minneapolis Lakers,MNL,True
1951,NBA,New York Knicks,NYK,True
1951,NBA,Philadelphia Warriors,PHW,True
1951,NBA,Rochester Royals,ROC,True
1951,NBA,Syracuse Nationals,SYR,True
1951,NBA,Tri-Cities Blackhawks,TRI,False
1951,NBA,Washington Capitols,WSC,False
1950,NBA,Anderson Packers,AND,True
1950,NBA,Baltimore Bullets,BLB,False
1950,NBA,Boston Celtics,BOS,False
1950,NBA,Chicago Stags,CHS,True
1950,NBA,Denver Nuggets,DNN,False
1950,NBA,Fort Wayne Pistons,FTW,True
1950,NBA,Indianapolis Olympians,INO,True
1950,NBA,Minneapolis Lakers,MNL,True
1950,NBA,New York Knicks,NYK,True
1950,NBA,Philadelphia Warriors,PHW,True
1950,NBA,Rochester Royals,ROC,True
1950,NBA,Sheboygan Red Skins,SHE,True
1950,NBA,St. Louis Bombers,STB,False
1950,NBA,Syracuse Nationals,SYR,True
1950,NBA,Tri-Cities Blackhawks,TRI,True
1950,NBA,Waterloo Hawks,WAT,False
1950,NBA,Washington Capitols,WSC,True
1949,BAA,Baltimore Bullets,BLB,True
1949,BAA,Boston Celtics,BOS,False
1949,BAA,Chicago Stags,CHS,True
1949,BAA,Fort Wayne Pistons,FTW,False
1949,BAA,Indianapolis Jets,INJ,False
1949,BAA,Minneapolis Lakers,MNL,True
1949,BAA,New York Knicks,NYK,True
1949,BAA,Philadelphia Warriors,PHW,True
1949,BAA,Providence Steamrollers,PRO,False
1949,BAA,Rochester Royals,ROC,True
1949,BAA,St. Louis Bombers,STB,True
1949,BAA,Washington Capitols,WSC,True
1948,BAA,Baltimore Bullets,BLB,True
1948,BAA,Boston Celtics,BOS,True
1948,BAA,Chicago Stags,CHS,True
1948,BAA,New York Knicks,NYK,True
1948,BAA,Philadelphia Warriors,PHW,True
1948,BAA,Providence Steamrollers,PRO,False
1948,BAA,St. Louis Bombers,STB,True
1948,BAA,Washington Capitols,WSC,True
1947,BAA,Boston Celtics,BOS,False
1947,BAA,Chicago Stags,CHS,True
1947,BAA,Cleveland Rebels,CLR,True
1947,BAA,Detroit Falcons,DTF,False
1947,BAA,New York Knicks,NYK,True
1947,BAA,Philadelphia Warriors,PHW,True
1947,BAA,Pittsburgh Ironmen,PIT,False
1947,BAA,Providence Steamrollers,PRO,False
1947,BAA,St. Louis Bombers,STB,True
1947,BAA,Toronto Huskies,TRH,False
1947,BAA,Washington Capitols,WSC,True
